table with row headers in column A and column headers in rows 3 through 4 (leading dots indicate sub-parts),,,,,,,
"Table 1. Annual Estimates of the Population of Metropolitan and Micropolitan Statistical Areas: April 1, 2010 to July 1, 2012",,,,,,,
"CBSA
Code","Metro
Division
Code",Geographic area,"April 1, 2010",,Population estimates (as of July 1),,
,,,Census,Estimates base,2010,2011,2012
,,Metropolitan statistical areas,,,,,
,,(Titles of metropolitan divisions are indented.),,,,,
10180,,"Abilene, TX","165,252","165,252","165,578","166,481","166,963"
10420,,"Akron, OH","703,200","703,205","703,055","702,854","702,262"
10500,,"Albany, GA","157,308","157,308","157,580","157,668","157,399"
10540,,"Albany, OR","116,672","116,672","116,894","118,135","118,360"
10580,,"Albany-Schenectady-Troy, NY","870,716","870,718","871,081","873,076","874,646"
10740,,"Albuquerque, NM","887,077","887,079","889,568","897,320","901,700"
10780,,"Alexandria, LA","153,922","153,922","154,093","154,379","154,441"
10900,,"Allentown-Bethlehem-Easton, PA-NJ","821,173","821,173","822,055","825,312","827,171"
11020,,"Altoona, PA","127,089","127,074","127,038","127,234","127,121"
11100,,"Amarillo, TX","251,933","251,933","252,686","255,781","257,578"
11180,,"Ames, IA","89,542","89,542","89,600","90,816","91,140"
11260,,"Anchorage, AK","380,821","380,821","383,177","388,038","392,535"
11460,,"Ann Arbor, MI","344,791","344,791","345,350","348,637","350,946"
11500,,"Anniston-Oxford-Jacksonville, AL","118,572","118,572","118,423","117,815","117,296"
11540,,"Appleton, WI","225,666","225,666","225,886","227,318","228,450"
11700,,"Asheville, NC","424,858","424,859","425,558","428,657","432,406"
12020,,"Athens-Clarke County, GA","192,541","192,541","193,538","194,616","196,425"
12060,,"Atlanta-Sandy Springs-Roswell, GA","5,286,728","5,286,732","5,304,665","5,374,678","5,457,831"
12100,,"Atlantic City-Hammonton, NJ","274,549","274,549","274,715","274,810","275,422"
12220,,"Auburn-Opelika, AL","140,247","140,251","140,761","143,580","147,257"
12260,,"Augusta-Richmond County, GA-SC","564,873","564,871","566,781","571,098","575,898"
12420,,"Austin-Round Rock, TX","1,716,289","1,716,286","1,727,661","1,780,708","1,834,303"
12540,,"Bakersfield, CA","839,631","839,631","841,687","849,457","856,158"
12580,,"Baltimore-Columbia-Towson, MD","2,710,489","2,710,489","2,715,586","2,733,678","2,753,149"
12620,,"Bangor, ME","153,923","153,921","153,892","153,930","153,746"
12700,,"Barnstable Town, MA","215,888","215,888","215,959","215,662","215,423"
12940,,"Baton Rouge, LA","802,484","802,480","804,270","808,713","815,298"
12980,,"Battle Creek, MI","136,146","136,146","136,075","135,529","135,099"
13020,,"Bay City, MI","107,771","107,771","107,723","107,273","106,935"
13140,,"Beaumont-Port Arthur, TX","403,190","403,190","403,562","405,031","404,180"
13220,,"Beckley, WV","124,898","124,901","124,892","125,115","124,890"
13380,,"Bellingham, WA","201,140","201,140","201,614","203,570","205,262"
13460,,"Bend-Redmond, OR","157,733","157,733","157,895","160,083","162,277"
13740,,"Billings, MT","158,934","158,934","159,395","160,852","162,848"
13780,,"Binghamton, NY","251,725","251,725","251,443","250,293","248,538"
13820,,"Birmingham-Hoover, AL","1,128,047","1,128,050","1,129,038","1,132,403","1,136,650"
13900,,"Bismarck, ND","114,778","114,778","115,294","117,284","120,060"
13980,,"Blacksburg-Christiansburg-Radford, VA","178,237","178,237","178,434","178,628","178,933"
14010,,"Bloomington, IL","186,133","186,133","186,447","187,267","188,715"
14020,,"Bloomington, IN","159,549","159,549","160,138","161,610","162,399"
14100,,"Bloomsburg-Berwick, PA","85,562","85,563","85,612","85,161","85,243"
14260,,"Boise City, ID","616,561","616,561","618,002","627,636","637,896"
14460,,"Boston-Cambridge-Newton, MA-NH","4,552,402","4,552,402","4,563,863","4,603,344","4,640,802"
14460,14454,".Boston, MA","1,887,792","1,887,792","1,893,664","1,910,714","1,926,030"
14460,15764,".Cambridge-Newton-Framingham, MA","2,246,244","2,246,244","2,251,629","2,272,874","2,292,833"
14460,40484,".Rockingham County-Strafford County, NH","418,366","418,366","418,570","419,756","421,939"
14500,,"Boulder, CO","294,567","294,571","296,318","300,406","305,318"
14540,,"Bowling Green, KY","158,599","158,599","159,043","160,650","162,231"
14740,,"Bremerton-Silverdale, WA","251,133","251,133","251,769","254,529","254,991"
14860,,"Bridgeport-Stamford-Norwalk, CT","916,829","916,829","918,814","927,567","933,835"
15180,,"Brownsville-Harlingen, TX","406,220","406,220","407,656","412,577","415,557"
15260,,"Brunswick, GA","112,370","112,368","112,637","113,122","113,448"
15380,,"Buffalo-Cheektowaga-Niagara Falls, NY","1,135,509","1,135,511","1,135,610","1,135,494","1,134,210"
15500,,"Burlington, NC","151,131","151,087","151,470","152,801","153,920"
15540,,"Burlington-South Burlington, VT","211,261","211,262","211,558","212,875","213,701"
15680,,"California-Lexington Park, MD","105,151","105,151","105,778","107,681","108,987"
15940,,"Canton-Massillon, OH","404,422","404,422","404,217","403,164","403,455"
15980,,"Cape Coral-Fort Myers, FL","618,754","618,754","620,601","631,602","645,293"
16020,,"Cape Girardeau, MO-IL","96,275","96,275","96,403","96,980","97,080"
16060,,"Carbondale-Marion, IL","126,575","126,580","126,772","126,944","126,745"
16180,,"Carson City, NV","55,274","55,274","55,278","54,851","54,838"
16220,,"Casper, WY","75,450","75,450","75,485","76,356","78,621"
16300,,"Cedar Rapids, IA","257,940","257,940","258,364","260,893","261,761"
16540,,"Chambersburg-Waynesboro, PA","149,618","149,618","149,908","150,891","151,275"
16580,,"Champaign-Urbana, IL","231,891","231,891","232,230","233,055","233,788"
16620,,"Charleston, WV","227,078","227,071","226,947","225,977","225,954"
16700,,"Charleston-North Charleston, SC","664,607","664,608","667,606","681,684","697,439"
16740,,"Charlotte-Concord-Gastonia, NC-SC","2,217,012","2,217,035","2,223,685","2,257,134","2,296,569"
16820,,"Charlottesville, VA","218,705","218,705","219,094","221,101","222,860"
16860,,"Chattanooga, TN-GA","528,143","528,145","529,239","533,343","537,889"
16940,,"Cheyenne, WY","91,738","91,738","92,120","92,487","94,483"
16980,,"Chicago-Naperville-Elgin, IL-IN-WI","9,461,105","9,461,105","9,471,608","9,495,719","9,522,434"
16980,16974,".Chicago-Naperville-Arlington Heights, IL","7,262,718","7,262,820","7,271,029","7,293,968","7,318,387"
16980,20994,".Elgin, IL","620,429","620,429","621,171","624,737","627,191"
16980,23844,".Gary, IN","708,070","708,070","708,473","708,282","706,800"
16980,29404,".Lake County-Kenosha County, IL-WI","869,888","869,786","870,935","868,732","870,056"
17020,,"Chico, CA","220,000","220,000","219,968","220,188","221,539"
17140,,"Cincinnati, OH-KY-IN","2,114,580","2,114,580","2,116,811","2,122,330","2,128,603"
17300,,"Clarksville, TN-KY","260,625","260,625","261,868","264,625","274,342"
17420,,"Cleveland, TN","115,788","115,788","115,972","116,738","117,820"
17460,,"Cleveland-Elyria, OH","2,077,240","2,077,240","2,076,016","2,068,397","2,063,535"
17660,,"Coeur d'Alene, ID","138,494","138,494","138,920","141,103","142,357"
17780,,"College Station-Bryan, TX","228,660","228,660","229,483","231,462","234,501"
17820,,"Colorado Springs, CO","645,613","645,613","650,130","659,773","668,353"
17860,,"Columbia, MO","162,642","162,642","163,222","165,921","168,535"
17900,,"Columbia, SC","767,598","767,602","769,819","776,793","784,745"
17980,,"Columbus, GA-AL","294,865","294,869","295,741","301,865","310,531"
18020,,"Columbus, IN","76,794","76,794","76,893","77,817","79,129"
18140,,"Columbus, OH","1,901,974","1,901,965","1,906,295","1,925,137","1,944,002"
18580,,"Corpus Christi, TX","428,185","428,188","428,050","430,961","437,109"
18700,,"Corvallis, OR","85,579","85,581","85,531","86,006","86,430"
18880,,"Crestview-Fort Walton Beach-Destin, FL","235,865","235,865","236,058","239,021","247,665"
19060,,"Cumberland, MD-WV","103,299","103,299","103,248","102,612","101,968"
19100,,"Dallas-Fort Worth-Arlington, TX","6,426,214","6,426,210","6,452,764","6,569,112","6,700,991"
19100,19124,".Dallas-Plano-Irving, TX","4,230,520","4,230,516","4,248,860","4,331,844","4,426,611"
19100,23104,".Fort Worth-Arlington, TX","2,195,694","2,195,694","2,203,904","2,237,268","2,274,380"
19140,,"Dalton, GA","142,227","142,227","142,361","142,507","142,751"
19180,,"Danville, IL","81,625","81,625","81,581","81,367","80,727"
19300,,"Daphne-Fairhope-Foley, AL","182,265","182,265","183,275","186,830","190,790"
19340,,"Davenport-Moline-Rock Island, IA-IL","379,690","379,690","380,245","381,226","382,630"
19380,,"Dayton, OH","799,232","799,232","799,980","801,040","800,972"
19460,,"Decatur, AL","153,829","153,829","153,887","154,115","154,233"
19500,,"Decatur, IL","110,768","110,768","110,734","110,616","110,122"
19660,,"Deltona-Daytona Beach-Ormond Beach, FL","590,289","590,293","590,681","591,550","595,309"
19740,,"Denver-Aurora-Lakewood, CO","2,543,482","2,543,478","2,554,118","2,598,496","2,645,209"
19780,,"Des Moines-West Des Moines, IA","569,633","569,633","572,000","580,716","588,999"
19820,,"Detroit-Warren-Dearborn, MI","4,296,250","4,296,247","4,291,828","4,287,966","4,292,060"
19820,19804,".Detroit-Dearborn-Livonia, MI","1,820,584","1,820,575","1,815,598","1,801,789","1,792,365"
19820,47664,".Warren-Troy-Farmington Hills, MI","2,475,666","2,475,672","2,476,230","2,486,177","2,499,695"
20020,,"Dothan, AL","145,639","145,639","145,892","146,651","147,620"
20100,,"Dover, DE","162,310","162,310","162,973","165,319","167,626"
20220,,"Dubuque, IA","93,653","93,653","93,879","94,436","95,097"
20260,,"Duluth, MN-WI","279,771","279,771","279,766","279,838","279,452"
20500,,"Durham-Chapel Hill, NC","504,357","504,401","505,894","513,900","522,826"
20700,,"East Stroudsburg, PA","169,842","169,843","169,981","169,986","168,798"
20740,,"Eau Claire, WI","161,151","161,151","161,365","162,633","163,599"
20940,,"El Centro, CA","174,528","174,528","174,667","175,897","176,948"
21060,,"Elizabethtown-Fort Knox, KY","148,338","148,339","149,922","151,186","150,413"
21140,,"Elkhart-Goshen, IN","197,559","197,561","197,476","198,700","199,619"
21300,,"Elmira, NY","88,830","88,830","88,835","88,798","88,911"
21340,,"El Paso, TX","804,123","804,123","806,981","821,408","830,735"
21500,,"Erie, PA","280,566","280,566","280,749","280,988","280,646"
21660,,"Eugene, OR","351,715","351,715","351,921","353,481","354,542"
21780,,"Evansville, IN-KY","311,552","311,552","311,814","312,705","313,433"
21820,,"Fairbanks, AK","97,581","97,581","98,267","99,286","100,272"
22020,,"Fargo, ND-MN","208,777","208,777","209,416","212,586","216,312"
22140,,"Farmington, NM","130,044","130,044","130,144","128,063","128,529"
22180,,"Fayetteville, NC","366,383","366,383","367,744","372,788","374,585"
22220,,"Fayetteville-Springdale-Rogers, AR-MO","463,204","463,207","465,776","473,933","482,200"
22380,,"Flagstaff, AZ","134,421","134,420","134,611","134,105","136,011"
22420,,"Flint, MI","425,790","425,790","425,152","422,053","418,408"
22500,,"Florence, SC","205,566","205,562","205,645","205,711","206,087"
22520,,"Florence-Muscle Shoals, AL","147,137","147,137","147,198","147,082","146,988"
22540,,"Fond du Lac, WI","101,633","101,633","101,695","101,856","101,843"
22660,,"Fort Collins, CO","299,630","299,630","300,426","305,091","310,487"
22900,,"Fort Smith, AR-OK","280,467","280,468","280,712","280,866","280,521"
23060,,"Fort Wayne, IN","416,257","416,257","416,779","419,568","421,406"
23420,,"Fresno, CA","930,450","930,450","932,696","940,887","947,895"
23460,,"Gadsden, AL","104,430","104,430","104,452","104,298","104,392"
23540,,"Gainesville, FL","264,275","264,275","264,470","266,392","268,232"
23580,,"Gainesville, GA","179,684","179,684","179,992","182,965","185,416"
23900,,"Gettysburg, PA","101,407","101,407","101,423","101,549","101,482"
24020,,"Glens Falls, NY","128,923","128,921","128,968","128,733","128,472"
24140,,"Goldsboro, NC","122,623","122,623","122,882","123,839","124,246"
24220,,"Grand Forks, ND-MN","98,461","98,461","98,599","98,061","98,888"
24260,,"Grand Island, NE","81,850","81,850","82,001","82,660","83,472"
24300,,"Grand Junction, CO","146,723","146,723","146,475","147,481","147,848"
24340,,"Grand Rapids-Wyoming, MI","988,938","988,938","989,481","996,454","1,005,648"
24420,,"Grants Pass, OR","82,713","82,713","82,865","82,680","82,930"
24500,,"Great Falls, MT","81,327","81,327","81,540","81,769","81,723"
24540,,"Greeley, CO","252,825","252,825","254,081","258,351","263,691"
24580,,"Green Bay, WI","306,241","306,241","306,775","308,761","311,098"
24660,,"Greensboro-High Point, NC","723,801","723,798","725,134","730,531","736,065"
24780,,"Greenville, NC","168,148","168,148","168,787","170,715","172,554"
24860,,"Greenville-Anderson-Mauldin, SC","824,112","824,106","825,788","833,063","842,853"
25060,,"Gulfport-Biloxi-Pascagoula, MS","370,702","370,702","371,561","375,911","379,582"
25180,,"Hagerstown-Martinsburg, MD-WV","251,599","251,599","252,495","254,601","256,278"
25220,,"Hammond, LA","121,097","121,101","121,453","122,519","123,441"
25260,,"Hanford-Corcoran, CA","152,982","152,982","152,301","151,941","151,364"
25420,,"Harrisburg-Carlisle, PA","549,475","549,473","550,212","551,611","553,980"
25500,,"Harrisonburg, VA","125,228","125,215","125,393","126,706","128,372"
25540,,"Hartford-West Hartford-East Hartford, CT","1,212,381","1,212,384","1,212,839","1,215,119","1,214,400"
25620,,"Hattiesburg, MS","142,842","142,841","143,280","145,262","146,766"
25860,,"Hickory-Lenoir-Morganton, NC","365,497","365,492","365,208","364,170","363,627"
25940,,"Hilton Head Island-Bluffton-Beaufort, SC","187,010","187,010","187,923","189,749","193,882"
25980,,"Hinesville, GA","77,917","77,917","77,434","80,577","81,519"
26140,,"Homosassa Springs, FL","141,236","141,236","141,312","139,849","139,360"
26300,,"Hot Springs, AR","96,024","96,024","96,230","96,637","96,903"
26380,,"Houma-Thibodaux, LA","208,178","208,178","208,192","208,657","208,922"
26420,,"Houston-The Woodlands-Sugar Land, TX","5,920,416","5,920,456","5,948,300","6,051,850","6,177,035"
26580,,"Huntington-Ashland, WV-KY-OH","364,908","364,908","365,008","364,742","364,665"
26620,,"Huntsville, AL","417,593","417,593","419,381","425,212","430,734"
26820,,"Idaho Falls, ID","133,265","133,337","133,797","134,847","136,108"
26900,,"Indianapolis-Carmel-Anderson, IN","1,887,877","1,887,877","1,892,368","1,910,053","1,928,982"
26980,,"Iowa City, IA","152,586","152,586","152,994","155,378","158,231"
27060,,"Ithaca, NY","101,564","101,564","101,651","101,763","102,554"
27100,,"Jackson, MI","160,248","160,248","160,226","159,810","160,309"
27140,,"Jackson, MS","567,122","567,121","568,181","573,693","576,800"
27180,,"Jackson, TN","130,011","130,009","130,039","129,830","130,450"
27260,,"Jacksonville, FL","1,345,596","1,345,596","1,349,103","1,360,998","1,377,850"
27340,,"Jacksonville, NC","177,772","177,772","179,487","177,430","183,263"
27500,,"Janesville-Beloit, WI","160,331","160,331","160,235","160,067","160,418"
27620,,"Jefferson City, MO","149,807","149,807","149,964","150,281","150,151"
27740,,"Johnson City, TN","198,716","198,716","198,966","199,701","200,684"
27780,,"Johnstown, PA","143,679","143,679","143,484","142,624","141,584"
27860,,"Jonesboro, AR","121,026","121,026","121,247","122,758","124,042"
27900,,"Joplin, MO","175,518","175,516","175,903","176,663","174,327"
27980,,"Kahului-Wailuku-Lahaina, HI","154,924","154,924","155,126","156,756","158,316"
28020,,"Kalamazoo-Portage, MI","326,589","326,589","326,911","328,353","330,034"
28100,,"Kankakee, IL","113,449","113,449","113,502","113,541","113,040"
28140,,"Kansas City, MO-KS","2,009,342","2,009,338","2,013,864","2,024,937","2,038,724"
28420,,"Kennewick-Richland, WA","253,340","253,340","255,626","263,703","268,243"
28660,,"Killeen-Temple, TX","405,300","405,300","408,221","412,390","420,375"
28700,,"Kingsport-Bristol-Bristol, TN-VA","309,544","309,544","309,547","308,579","309,006"
28740,,"Kingston, NY","182,493","182,494","182,395","182,582","181,791"
28940,,"Knoxville, TN","837,571","837,571","838,745","843,189","848,350"
29020,,"Kokomo, IN","82,752","82,752","82,730","82,817","82,849"
29100,,"La Crosse-Onalaska, WI-MN","133,665","133,665","133,891","134,415","135,298"
29180,,"Lafayette, LA","466,750","466,750","467,416","470,682","474,415"
29200,,"Lafayette-West Lafayette, IN","201,789","201,789","201,952","204,098","206,412"
29340,,"Lake Charles, LA","199,607","199,607","200,050","200,589","201,195"
29420,,"Lake Havasu City-Kingman, AZ","200,186","200,186","200,380","202,592","203,334"
29460,,"Lakeland-Winter Haven, FL","602,095","602,095","603,343","609,823","616,158"
29540,,"Lancaster, PA","519,445","519,448","520,344","523,862","526,823"
29620,,"Lansing-East Lansing, MI","464,036","464,036","464,160","465,614","465,732"
29700,,"Laredo, TX","250,304","250,304","251,284","254,948","259,172"
29740,,"Las Cruces, NM","209,233","209,234","210,325","212,944","214,445"
29820,,"Las Vegas-Henderson-Paradise, NV","1,951,269","1,951,269","1,953,422","1,967,926","2,000,759"
29940,,"Lawrence, KS","110,826","110,826","111,208","112,244","112,864"
30020,,"Lawton, OK","130,291","130,291","131,588","131,927","132,545"
30140,,"Lebanon, PA","133,568","133,573","133,717","134,389","135,251"
30300,,"Lewiston, ID-WA","60,888","60,888","61,009","61,327","61,419"
30340,,"Lewiston-Auburn, ME","107,702","107,702","107,678","107,427","107,609"
30460,,"Lexington-Fayette, KY","472,099","472,099","473,468","478,935","485,023"
30620,,"Lima, OH","106,331","106,331","106,222","105,740","105,141"
30700,,"Lincoln, NE","302,157","302,157","302,957","306,580","310,342"
30780,,"Little Rock-North Little Rock-Conway, AR","699,757","699,757","702,350","710,950","717,666"
30860,,"Logan, UT-ID","125,442","125,442","126,070","127,356","128,306"
30980,,"Longview, TX","214,369","214,378","214,586","215,798","216,679"
31020,,"Longview, WA","102,410","102,410","102,447","102,431","101,996"
31080,,"Los Angeles-Long Beach-Anaheim, CA","12,828,837","12,828,842","12,843,942","12,945,140","13,052,921"
31080,11244,".Anaheim-Santa Ana-Irvine, CA","3,010,232","3,010,237","3,018,181","3,056,115","3,090,132"
31080,31084,".Los Angeles-Long Beach-Glendale, CA","9,818,605","9,818,605","9,825,761","9,889,025","9,962,789"
31140,,"Louisville/Jefferson County, KY-IN","1,235,708","1,235,708","1,237,847","1,244,792","1,251,351"
31180,,"Lubbock, TX","290,805","290,805","292,142","295,255","297,669"
31340,,"Lynchburg, VA","252,634","252,638","252,689","254,031","255,342"
31420,,"Macon, GA","232,293","232,293","232,342","232,849","232,723"
31460,,"Madera, CA","150,865","150,865","151,177","152,085","152,218"
31540,,"Madison, WI","605,435","605,435","606,546","613,943","620,778"
31700,,"Manchester-Nashua, NH","400,721","400,721","401,036","401,842","402,922"
31740,,"Manhattan, KS","92,719","92,719","93,245","95,150","97,810"
31860,,"Mankato-North Mankato, MN","96,740","96,740","96,812","97,335","98,020"
31900,,"Mansfield, OH","124,475","124,475","124,195","123,125","122,673"
32580,,"McAllen-Edinburg-Mission, TX","774,769","774,769","779,203","794,181","806,552"
32780,,"Medford, OR","203,206","203,206","203,474","204,718","206,412"
32820,,"Memphis, TN-MS-AR","1,324,829","1,324,829","1,326,570","1,333,390","1,341,690"
32900,,"Merced, CA","255,793","255,793","256,877","259,966","262,305"
33100,,"Miami-Fort Lauderdale-West Palm Beach, FL","5,564,635","5,564,657","5,581,600","5,687,908","5,762,717"
33100,22744,".Fort Lauderdale-Pompano Beach-Deerfield Beach, FL","1,748,066","1,748,066","1,752,928","1,784,956","1,815,137"
33100,33124,".Miami-Miami Beach-Kendall, FL","2,496,435","2,496,457","2,504,614","2,565,440","2,591,035"
33100,48424,".West Palm Beach-Boca Raton-Delray Beach, FL","1,320,134","1,320,134","1,324,058","1,337,512","1,356,545"
33140,,"Michigan City-La Porte, IN","111,467","111,467","111,432","111,263","111,246"
33220,,"Midland, MI","83,629","83,629","83,637","84,015","83,822"
33260,,"Midland, TX","141,671","141,671","141,757","144,953","151,662"
33340,,"Milwaukee-Waukesha-West Allis, WI","1,555,908","1,555,908","1,556,711","1,561,428","1,566,981"
33460,,"Minneapolis-St. Paul-Bloomington, MN-WI","3,348,859","3,348,859","3,355,674","3,389,049","3,422,264"
33540,,"Missoula, MT","109,299","109,299","109,457","110,114","110,977"
33660,,"Mobile, AL","412,992","412,992","413,216","413,145","413,936"
33700,,"Modesto, CA","514,453","514,451","515,326","517,957","521,726"
33740,,"Monroe, LA","176,441","176,441","176,673","177,379","177,782"
33780,,"Monroe, MI","152,021","152,021","151,960","151,609","151,048"
33860,,"Montgomery, AL","374,536","374,529","375,183","378,562","377,149"
34060,,"Morgantown, WV","129,709","129,709","130,308","132,201","134,164"
34100,,"Morristown, TN","113,951","113,953","114,049","114,623","114,937"
34580,,"Mount Vernon-Anacortes, WA","116,901","116,901","117,014","117,836","118,222"
34620,,"Muncie, IN","117,671","117,671","117,649","117,784","117,364"
34740,,"Muskegon, MI","172,188","172,188","171,969","170,021","170,182"
34820,,"Myrtle Beach-Conway-North Myrtle Beach, SC-NC","376,722","376,722","378,604","385,910","394,542"
34900,,"Napa, CA","136,484","136,484","136,824","137,977","139,045"
34940,,"Naples-Immokalee-Marco Island, FL","321,520","321,520","322,666","327,519","332,427"
34980,,"Nashville-Davidson--Murfreesboro--Franklin, TN","1,670,890","1,670,890","1,675,886","1,698,348","1,726,693"
35100,,"New Bern, NC","126,802","126,802","127,079","128,075","128,119"
35300,,"New Haven-Milford, CT","862,477","862,474","862,703","862,812","862,813"
35380,,"New Orleans-Metairie, LA","1,189,866","1,189,863","1,195,466","1,213,488","1,227,096"
35620,,"New York-Newark-Jersey City, NY-NJ-PA","19,567,410","19,567,407","19,598,491","19,729,930","19,831,858"
35620,20524,".Dutchess County-Putnam County, NY","397,198","397,198","397,556","398,125","396,929"
35620,35004,".Nassau County-Suffolk County, NY","2,832,882","2,832,879","2,836,048","2,846,165","2,848,506"
35620,35084,".Newark, NJ-PA","2,471,171","2,471,170","2,474,314","2,482,701","2,488,817"
35620,35614,".New York-Jersey City-White Plains, NY-NJ","13,866,159","13,866,160","13,890,573","14,002,939","14,097,606"
35660,,"Niles-Benton Harbor, MI","156,813","156,813","156,799","156,489","156,067"
35840,,"North Port-Sarasota-Bradenton, FL","702,281","702,281","703,568","709,037","720,042"
35980,,"Norwich-New London, CT","274,055","274,055","274,092","274,091","274,170"
36100,,"Ocala, FL","331,298","331,298","331,407","332,472","335,125"
36140,,"Ocean City, NJ","97,265","97,265","97,282","96,562","96,304"
36220,,"Odessa, TX","137,130","137,130","137,056","139,588","144,325"
36260,,"Ogden-Clearfield, UT","597,159","597,159","599,708","605,786","612,441"
36420,,"Oklahoma City, OK","1,252,987","1,252,992","1,257,927","1,275,821","1,296,565"
36500,,"Olympia-Tumwater, WA","252,264","252,264","253,043","256,406","258,332"
36540,,"Omaha-Council Bluffs, NE-IA","865,350","865,350","868,116","877,171","885,624"
36740,,"Orlando-Kissimmee-Sanford, FL","2,134,411","2,134,411","2,139,583","2,175,004","2,223,674"
36780,,"Oshkosh-Neenah, WI","166,994","166,994","167,078","167,708","168,794"
36980,,"Owensboro, KY","114,752","114,755","114,806","115,394","116,030"
37100,,"Oxnard-Thousand Oaks-Ventura, CA","823,318","823,318","825,378","831,126","835,981"
37340,,"Palm Bay-Melbourne-Titusville, FL","543,376","543,372","543,978","544,322","547,307"
37460,,"Panama City, FL","184,715","184,715","185,128","185,500","187,621"
37620,,"Parkersburg-Vienna, WV","92,673","92,673","92,757","92,643","92,548"
37860,,"Pensacola-Ferry Pass-Brent, FL","448,991","448,991","451,110","455,458","461,227"
37900,,"Peoria, IL","379,186","379,186","378,937","379,693","380,447"
37980,,"Philadelphia-Camden-Wilmington, PA-NJ-DE-MD","5,965,343","5,965,341","5,972,025","5,997,474","6,018,800"
37980,15804,".Camden, NJ","1,250,679","1,250,685","1,251,682","1,253,498","1,254,461"
37980,33874,".Montgomery County-Bucks County-Chester County, PA","1,924,009","1,924,008","1,926,378","1,935,678","1,942,088"
37980,37964,".Philadelphia, PA","2,084,985","2,084,978","2,087,831","2,098,128","2,108,705"
37980,48864,".Wilmington, DE-MD-NJ","705,670","705,670","706,134","710,170","713,546"
38060,,"Phoenix-Mesa-Scottsdale, AZ","4,192,887","4,192,887","4,209,375","4,252,078","4,329,534"
38220,,"Pine Bluff, AR","100,258","100,258","100,118","98,973","97,451"
38300,,"Pittsburgh, PA","2,356,285","2,356,285","2,356,827","2,360,114","2,360,733"
38340,,"Pittsfield, MA","131,219","131,219","131,232","130,447","130,016"
38540,,"Pocatello, ID","82,839","82,839","82,993","83,524","83,800"
38860,,"Portland-South Portland, ME","514,098","514,100","513,875","516,081","518,117"
38900,,"Portland-Vancouver-Hillsboro, OR-WA","2,226,009","2,226,009","2,232,717","2,260,928","2,289,800"
38940,,"Port St. Lucie, FL","424,107","424,107","425,251","428,409","432,683"
39140,,"Prescott, AZ","211,033","211,033","210,249","211,130","212,637"
39300,,"Providence-Warwick, RI-MA","1,600,852","1,600,852","1,601,992","1,600,258","1,601,374"
39340,,"Provo-Orem, UT","526,810","526,810","530,092","540,437","550,845"
39380,,"Pueblo, CO","159,063","159,063","159,570","160,346","160,852"
39460,,"Punta Gorda, FL","159,978","159,978","159,898","159,459","162,449"
39540,,"Racine, WI","195,408","195,408","195,447","195,014","194,797"
39580,,"Raleigh, NC","1,130,490","1,130,490","1,137,352","1,162,688","1,188,564"
39660,,"Rapid City, SD","134,598","134,598","135,079","136,385","138,738"
39740,,"Reading, PA","411,442","411,447","411,791","412,547","413,491"
39820,,"Redding, CA","177,223","177,223","177,324","178,031","178,586"
39900,,"Reno, NV","425,417","425,417","426,223","429,356","433,843"
40060,,"Richmond, VA","1,208,101","1,208,101","1,210,180","1,219,022","1,231,980"
40140,,"Riverside-San Bernardino-Ontario, CA","4,224,851","4,224,851","4,243,987","4,301,841","4,350,096"
40220,,"Roanoke, VA","308,707","308,707","308,660","308,999","310,118"
40340,,"Rochester, MN","206,877","206,877","207,137","208,446","209,607"
40380,,"Rochester, NY","1,079,671","1,079,671","1,079,913","1,082,120","1,082,284"
40420,,"Rockford, IL","349,431","349,431","349,245","347,913","346,009"
40580,,"Rocky Mount, NC","152,392","152,388","152,468","151,994","151,662"
40660,,"Rome, GA","96,317","96,317","96,382","96,156","96,177"
40900,,"Sacramento--Roseville--Arden-Arcade, CA","2,149,127","2,149,127","2,154,776","2,176,452","2,196,482"
40980,,"Saginaw, MI","200,169","200,169","199,940","198,990","198,353"
41060,,"St. Cloud, MN","189,093","189,093","189,208","190,036","190,471"
41100,,"St. George, UT","138,115","138,115","138,462","141,511","144,809"
41140,,"St. Joseph, MO-KS","127,329","127,329","127,226","127,649","127,927"
41180,,"St. Louis, MO-IL","2,787,701","2,787,695","2,789,873","2,793,375","2,795,794"
41420,,"Salem, OR","390,738","390,738","391,637","393,822","396,338"
41500,,"Salinas, CA","415,057","415,057","416,335","421,612","426,762"
41540,,"Salisbury, MD-DE","373,802","373,802","374,756","378,155","381,868"
41620,,"Salt Lake City, UT","1,087,873","1,087,873","1,091,718","1,107,018","1,123,712"
41660,,"San Angelo, TX","111,823","111,823","112,241","113,348","114,854"
41700,,"San Antonio-New Braunfels, TX","2,142,508","2,142,508","2,153,140","2,191,670","2,234,003"
41740,,"San Diego-Carlsbad, CA","3,095,313","3,095,308","3,103,933","3,138,183","3,177,063"
41860,,"San Francisco-Oakland-Hayward, CA","4,335,391","4,335,391","4,345,156","4,396,918","4,455,560"
41860,36084,".Oakland-Hayward-Berkeley, CA","2,559,296","2,559,296","2,566,473","2,598,142","2,634,317"
41860,41884,".San Francisco-Redwood City-South San Francisco, CA","1,523,686","1,523,686","1,525,712","1,543,283","1,565,174"
41860,42034,".San Rafael, CA","252,409","252,409","252,971","255,493","256,069"
41940,,"San Jose-Sunnyvale-Santa Clara, CA","1,836,911","1,836,911","1,842,123","1,867,984","1,894,388"
42020,,"San Luis Obispo-Paso Robles-Arroyo Grande, CA","269,637","269,637","269,954","271,345","274,804"
42100,,"Santa Cruz-Watsonville, CA","262,382","262,382","263,435","264,961","266,776"
42140,,"Santa Fe, NM","144,170","144,169","144,441","145,319","146,375"
42200,,"Santa Maria-Santa Barbara, CA","423,895","423,895","424,403","426,101","431,249"
42220,,"Santa Rosa, CA","483,878","483,878","484,801","488,082","491,829"
42340,,"Savannah, GA","347,611","347,621","348,830","355,844","361,941"
42540,,"Scranton--Wilkes-Barre--Hazleton, PA","563,631","563,630","563,597","563,939","563,629"
42660,,"Seattle-Tacoma-Bellevue, WA","3,439,809","3,439,809","3,448,919","3,497,819","3,552,157"
42660,42644,".Seattle-Bellevue-Everett, WA","2,644,584","2,644,584","2,653,391","2,694,273","2,740,476"
42660,45104,".Tacoma-Lakewood, WA","795,225","795,225","795,528","803,546","811,681"
42680,,"Sebastian-Vero Beach, FL","138,028","138,028","138,237","138,919","140,567"
42700,,"Sebring, FL","98,786","98,786","98,727","98,292","98,128"
43100,,"Sheboygan, WI","115,507","115,507","115,416","115,247","115,009"
43300,,"Sherman-Denison, TX","120,877","120,877","121,060","121,306","121,935"
43340,,"Shreveport-Bossier City, LA","439,811","439,811","441,155","444,880","447,193"
43420,,"Sierra Vista-Douglas, AZ","131,346","131,346","131,627","132,770","132,088"
43580,,"Sioux City, IA-NE-SD","168,563","168,563","168,825","168,939","168,921"
43620,,"Sioux Falls, SD","228,261","228,264","229,173","232,446","237,251"
43780,,"South Bend-Mishawaka, IN-MI","319,224","319,222","319,008","319,235","318,586"
43900,,"Spartanburg, SC","313,268","313,268","313,555","314,886","316,997"
44060,,"Spokane-Spokane Valley, WA","527,753","527,753","528,615","529,907","532,253"
44100,,"Springfield, IL","210,170","210,170","210,573","211,669","211,993"
44140,,"Springfield, MA","621,570","621,570","623,193","625,346","625,718"
44180,,"Springfield, MO","436,712","436,712","437,498","440,317","444,617"
44220,,"Springfield, OH","138,333","138,333","138,232","137,768","137,206"
44300,,"State College, PA","153,990","153,985","154,193","154,730","155,171"
44420,,"Staunton-Waynesboro, VA","118,502","118,502","118,375","118,921","118,686"
44700,,"Stockton-Lodi, CA","685,306","685,308","687,516","695,626","702,612"
44940,,"Sumter, SC","107,456","107,456","107,532","107,342","108,052"
45060,,"Syracuse, NY","662,577","662,578","662,922","662,431","660,934"
45220,,"Tallahassee, FL","367,413","368,770","369,383","371,029","375,371"
45300,,"Tampa-St. Petersburg-Clearwater, FL","2,783,243","2,783,243","2,788,833","2,826,438","2,842,878"
45460,,"Terre Haute, IN","172,425","172,423","172,358","172,576","172,493"
45500,,"Texarkana, TX-AR","149,198","149,198","149,341","149,610","149,701"
45540,,"The Villages, FL","93,420","93,420","94,268","98,237","101,620"
45780,,"Toledo, OH","610,001","610,001","609,708","609,320","608,711"
45820,,"Topeka, KS","233,870","233,868","234,263","234,720","234,566"
45940,,"Trenton, NJ","366,513","366,511","367,093","367,306","368,303"
46060,,"Tucson, AZ","980,263","980,263","981,915","987,573","992,394"
46140,,"Tulsa, OK","937,478","937,480","939,968","945,386","951,880"
46220,,"Tuscaloosa, AL","230,162","230,159","230,365","231,560","233,389"
46340,,"Tyler, TX","209,714","209,714","210,406","212,855","214,821"
46520,,"Urban Honolulu, HI","953,207","953,207","956,481","966,363","976,372"
46540,,"Utica-Rome, NY","299,397","299,397","299,339","298,767","298,064"
46660,,"Valdosta, GA","139,588","139,584","140,090","142,307","144,343"
46700,,"Vallejo-Fairfield, CA","413,344","413,344","414,095","416,932","420,757"
47020,,"Victoria, TX","94,003","94,003","94,041","94,675","96,620"
47220,,"Vineland-Bridgeton, NJ","156,898","156,898","157,053","157,215","157,785"
47260,,"Virginia Beach-Norfolk-Newport News, VA-NC","1,676,822","1,676,820","1,680,394","1,686,977","1,699,925"
47300,,"Visalia-Porterville, CA","442,179","442,179","443,218","447,918","451,977"
47380,,"Waco, TX","252,772","252,772","253,759","255,656","256,317"
47460,,"Walla Walla, WA","62,859","62,859","63,024","63,500","63,399"
47580,,"Warner Robins, GA","179,605","179,605","180,452","183,644","185,478"
47900,,"Washington-Arlington-Alexandria, DC-VA-MD-WV","5,636,232","5,636,232","5,665,604","5,771,213","5,860,342"
47900,43524,".Silver Spring-Frederick-Rockville, MD","1,205,162","1,205,162","1,210,226","1,228,954","1,244,291"
47900,47894,".Washington-Arlington-Alexandria, DC-VA-MD-WV","4,431,070","4,431,070","4,455,378","4,542,259","4,616,051"
47940,,"Waterloo-Cedar Falls, IA","167,819","167,819","167,924","168,219","168,747"
48060,,"Watertown-Fort Drum, NY","116,229","116,229","116,572","118,163","120,262"
48140,,"Wausau, WI","134,063","134,063","134,089","134,552","134,735"
48260,,"Weirton-Steubenville, WV-OH","124,454","124,454","124,231","123,322","122,547"
48300,,"Wenatchee, WA","110,884","110,887","111,270","112,048","113,037"
48540,,"Wheeling, WV-OH","147,950","147,950","147,864","147,143","146,420"
48620,,"Wichita, KS","630,919","630,919","631,975","633,344","636,105"
48660,,"Wichita Falls, TX","151,306","151,306","151,428","150,092","150,829"
48700,,"Williamsport, PA","116,111","116,108","116,159","116,678","117,168"
48900,,"Wilmington, NC","254,884","254,884","255,684","259,431","263,429"
49020,,"Winchester, VA-WV","128,472","128,472","128,718","129,905","130,907"
49180,,"Winston-Salem, NC","640,595","640,577","641,320","644,393","647,697"
49340,,"Worcester, MA-CT","916,980","916,980","918,766","921,990","923,762"
49420,,"Yakima, WA","243,231","243,231","244,258","246,157","246,977"
49620,,"York-Hanover, PA","434,972","434,972","435,586","437,040","437,846"
49660,,"Youngstown-Warren-Boardman, OH-PA","565,773","565,773","564,830","561,697","558,206"
49700,,"Yuba City, CA","166,892","166,892","167,245","167,498","167,948"
49740,,"Yuma, AZ","195,751","195,750","196,786","200,374","200,022"
,,,,,,,
,,Micropolitan statistical areas,,,,,
10100,,"Aberdeen, SD","40,602","40,602","40,688","40,883","41,357"
10140,,"Aberdeen, WA","72,797","72,797","72,859","72,316","71,692"
10220,,"Ada, OK","37,492","37,492","37,587","37,676","37,958"
10300,,"Adrian, MI","99,892","99,892","99,646","99,340","98,987"
10460,,"Alamogordo, NM","63,797","63,797","64,319","65,558","66,041"
10620,,"Albemarle, NC","60,585","60,585","60,529","60,428","60,576"
10660,,"Albert Lea, MN","31,255","31,255","31,214","31,090","31,054"
10700,,"Albertville, AL","93,019","93,019","93,185","94,102","94,776"
10820,,"Alexandria, MN","36,009","36,009","36,002","36,233","36,415"
10860,,"Alice, TX","40,838","40,837","40,892","41,235","41,754"
10940,,"Alma, MI","42,476","42,476","42,439","42,139","42,063"
10980,,"Alpena, MI","29,598","29,598","29,551","29,352","29,234"
11060,,"Altus, OK","26,446","26,446","26,458","26,386","26,237"
11140,,"Americus, GA","37,829","37,827","37,739","37,134","36,544"
11220,,"Amsterdam, NY","50,219","50,219","50,246","49,987","49,941"
11380,,"Andrews, TX","14,786","14,786","14,820","15,394","16,117"
11420,,"Angola, IN","34,185","34,185","34,141","34,064","34,124"
11580,,"Arcadia, FL","34,862","34,862","34,891","34,573","34,712"
11620,,"Ardmore, OK","47,557","47,563","47,633","47,964","48,085"
11660,,"Arkadelphia, AR","22,995","22,995","22,954","22,986","22,936"
11680,,"Arkansas City-Winfield, KS","36,311","36,311","36,292","36,238","36,288"
11740,,"Ashland, OH","53,139","53,139","53,161","53,088","52,962"
11780,,"Ashtabula, OH","101,497","101,497","101,425","101,086","100,389"
11820,,"Astoria, OR","37,039","37,039","37,073","37,171","37,301"
11860,,"Atchison, KS","16,924","16,924","16,875","16,799","16,813"
11900,,"Athens, OH","64,757","64,755","64,805","64,685","64,304"
11940,,"Athens, TN","52,266","52,266","52,215","52,380","52,416"
11980,,"Athens, TX","78,532","78,536","78,681","78,753","79,094"
12140,,"Auburn, IN","42,223","42,223","42,250","42,433","42,321"
12180,,"Auburn, NY","80,026","80,026","79,928","79,844","79,552"
12300,,"Augusta-Waterville, ME","122,151","122,151","122,112","121,912","121,853"
12380,,"Austin, MN","39,163","39,163","39,193","39,294","39,372"
12460,,"Bainbridge, GA","27,842","27,842","27,823","27,675","27,509"
12660,,"Baraboo, WI","61,976","61,976","62,006","62,369","62,597"
12680,,"Bardstown, KY","43,437","43,437","43,594","44,027","44,319"
12740,,"Barre, VT","59,534","59,535","59,600","59,615","59,465"
12780,,"Bartlesville, OK","50,976","50,976","51,070","51,460","51,633"
12820,,"Bastrop, LA","27,979","27,979","27,900","27,546","27,559"
12860,,"Batavia, NY","60,079","60,079","60,073","60,082","59,977"
12900,,"Batesville, AR","36,647","36,646","36,827","36,890","37,025"
13060,,"Bay City, TX","36,702","36,702","36,722","36,708","36,547"
13100,,"Beatrice, NE","22,311","22,311","22,301","21,998","21,806"
13180,,"Beaver Dam, WI","88,759","88,759","88,652","88,721","88,415"
13260,,"Bedford, IN","46,134","46,134","46,134","46,073","46,078"
13300,,"Beeville, TX","31,861","31,861","31,871","32,338","32,527"
13340,,"Bellefontaine, OH","45,858","45,858","45,797","45,638","45,474"
13420,,"Bemidji, MN","44,442","44,442","44,588","45,254","45,375"
13500,,"Bennettsville, SC","28,933","28,933","28,872","28,467","28,145"
13540,,"Bennington, VT","37,125","37,125","37,091","36,842","36,697"
13620,,"Berlin, NH-VT","39,361","39,358","39,257","38,914","38,322"
13660,,"Big Rapids, MI","42,798","42,798","42,815","43,296","43,318"
13700,,"Big Spring, TX","36,238","36,238","36,226","36,194","36,667"
13720,,"Big Stone Gap, VA","61,313","61,316","61,460","61,196","60,676"
13940,,"Blackfoot, ID","45,607","45,607","45,734","45,850","45,474"
14140,,"Bluefield, WV-VA","107,342","107,344","107,450","107,133","106,791"
14180,,"Blytheville, AR","46,480","46,480","46,406","46,079","45,562"
14220,,"Bogalusa, LA","47,168","47,171","47,067","47,125","46,670"
14340,,"Boone, IA","26,306","26,306","26,280","26,329","26,195"
14380,,"Boone, NC","51,079","51,079","51,010","51,662","51,871"
14420,,"Borger, TX","22,150","22,150","22,082","21,922","21,922"
14580,,"Bozeman, MT","89,513","89,513","89,610","91,354","92,614"
14620,,"Bradford, PA","43,450","43,450","43,366","43,205","43,127"
14660,,"Brainerd, MN","91,067","91,067","91,252","91,008","91,239"
14700,,"Branson, MO","83,877","83,877","83,956","84,505","84,524"
14720,,"Breckenridge, CO","27,994","27,994","28,037","27,864","28,044"
14780,,"Brenham, TX","33,718","33,708","33,738","33,983","34,093"
14820,,"Brevard, NC","33,090","33,090","33,064","32,815","32,849"
15020,,"Brookhaven, MS","34,869","34,869","34,851","34,897","34,900"
15060,,"Brookings, OR","22,364","22,364","22,364","22,462","22,248"
15100,,"Brookings, SD","31,965","31,965","32,026","32,120","32,629"
15220,,"Brownwood, TX","38,106","38,106","38,116","38,013","37,825"
15340,,"Bucyrus, OH","43,784","43,784","43,757","43,297","42,849"
15420,,"Burley, ID","43,021","43,021","43,159","43,277","43,286"
15460,,"Burlington, IA-IL","47,656","47,656","47,592","47,325","47,383"
15580,,"Butte-Silver Bow, MT","34,200","34,200","34,237","34,362","34,403"
15620,,"Cadillac, MI","47,584","47,584","47,588","47,622","47,639"
15660,,"Calhoun, GA","55,186","55,186","55,196","55,487","55,766"
15700,,"Cambridge, MD","32,618","32,618","32,660","32,703","32,551"
15740,,"Cambridge, OH","40,087","40,087","40,032","39,841","39,817"
15780,,"Camden, AR","31,488","31,489","31,437","31,020","30,703"
15820,,"Campbellsville, KY","24,512","24,512","24,563","24,691","24,691"
15860,,"Cañon City, CO","46,824","46,824","46,859","47,345","46,788"
15900,,"Canton, IL","37,069","37,069","37,043","36,935","36,651"
16100,,"Carlsbad-Artesia, NM","53,829","53,829","53,902","53,999","54,419"
16260,,"Cedar City, UT","46,163","46,163","46,278","46,651","46,750"
16340,,"Cedartown, GA","41,475","41,475","41,522","41,247","41,188"
16380,,"Celina, OH","40,814","40,814","40,780","40,799","40,875"
16460,,"Centralia, IL","39,437","39,437","39,434","39,008","38,894"
16500,,"Centralia, WA","75,455","75,455","75,497","75,664","75,621"
16660,,"Charleston-Mattoon, IL","64,921","64,921","64,964","64,837","64,623"
17060,,"Chillicothe, OH","78,064","78,064","78,093","77,647","77,429"
17200,,"Claremont-Lebanon, NH-VT","218,466","218,466","218,436","217,983","217,390"
17220,,"Clarksburg, WV","94,196","94,196","94,304","94,437","94,310"
17260,,"Clarksdale, MS","26,151","26,151","26,125","25,853","25,709"
17340,,"Clearlake, CA","64,665","64,665","64,748","64,262","63,983"
17380,,"Cleveland, MS","34,145","34,147","34,061","33,748","33,904"
17500,,"Clewiston, FL","39,140","39,140","39,017","38,696","37,447"
17540,,"Clinton, IA","49,116","49,116","49,118","49,086","48,717"
17580,,"Clovis, NM","48,376","48,376","48,928","49,574","49,938"
17700,,"Coffeyville, KS","35,471","35,471","35,408","34,839","34,459"
17740,,"Coldwater, MI","45,248","45,248","45,147","43,902","43,868"
18060,,"Columbus, MS","59,779","59,779","59,815","59,611","59,670"
18100,,"Columbus, NE","32,237","32,237","32,269","32,482","32,681"
18180,,"Concord, NH","146,445","146,445","146,443","146,614","146,761"
18220,,"Connersville, IN","24,277","24,277","24,284","24,156","24,029"
18260,,"Cookeville, TN","106,042","106,049","106,284","106,381","106,860"
18300,,"Coos Bay, OR","63,043","63,043","63,053","62,795","62,534"
18380,,"Cordele, GA","23,439","23,439","23,380","23,692","23,606"
18420,,"Corinth, MS","37,057","37,057","37,078","37,230","37,164"
18460,,"Cornelia, GA","43,041","43,041","43,092","43,081","43,520"
18500,,"Corning, NY","98,990","98,989","98,936","99,287","99,063"
18620,,"Corsicana, TX","47,735","47,735","47,761","47,963","47,979"
18660,,"Cortland, NY","49,336","49,336","49,275","49,619","49,474"
18740,,"Coshocton, OH","36,901","36,901","36,897","36,893","36,779"
18780,,"Craig, CO","13,795","13,795","13,810","13,410","13,200"
18820,,"Crawfordsville, IN","38,124","38,124","38,068","38,331","38,254"
18860,,"Crescent City, CA","28,610","28,610","28,583","28,513","28,290"
18900,,"Crossville, TN","56,053","56,053","56,217","56,618","57,029"
18980,,"Cullman, AL","80,406","80,406","80,471","80,479","80,440"
19000,,"Cullowhee, NC","40,271","40,271","40,345","40,283","40,448"
19220,,"Danville, KY","53,174","53,174","53,201","53,237","53,119"
19260,,"Danville, VA","106,561","106,561","106,546","106,047","105,803"
19420,,"Dayton, TN","31,809","31,809","31,852","31,961","32,247"
19540,,"Decatur, IN","34,387","34,387","34,424","34,360","34,365"
19580,,"Defiance, OH","39,037","39,035","39,005","38,885","38,677"
19620,,"Del Rio, TX","48,879","48,879","48,983","48,855","48,705"
19700,,"Deming, NM","25,095","25,095","25,115","25,162","25,041"
19760,,"DeRidder, LA","35,654","35,654","35,860","36,133","36,281"
19860,,"Dickinson, ND","24,199","24,199","24,333","25,147","26,771"
19940,,"Dixon, IL","36,031","36,031","35,931","35,460","35,037"
19980,,"Dodge City, KS","33,848","33,848","34,062","34,464","34,752"
20060,,"Douglas, GA","42,356","42,356","42,756","43,002","43,170"
20140,,"Dublin, GA","58,414","58,414","58,393","57,986","57,938"
20180,,"DuBois, PA","81,642","81,647","81,579","81,504","81,184"
20300,,"Dumas, TX","21,904","21,904","21,977","22,041","22,313"
20340,,"Duncan, OK","45,048","45,048","45,097","45,057","44,779"
20380,,"Dunn, NC","114,678","114,678","115,755","119,285","122,135"
20420,,"Durango, CO","51,334","51,334","51,495","51,924","52,401"
20460,,"Durant, OK","42,416","42,416","42,644","43,117","43,399"
20540,,"Dyersburg, TN","38,335","38,337","38,321","38,190","38,255"
20580,,"Eagle Pass, TX","54,258","54,258","54,462","55,082","55,365"
20660,,"Easton, MD","37,782","37,782","37,856","37,974","38,098"
20780,,"Edwards, CO","52,197","52,197","52,076","51,738","51,874"
20820,,"Effingham, IL","34,242","34,242","34,212","34,275","34,353"
20900,,"El Campo, TX","41,280","41,280","41,327","41,264","41,285"
20980,,"El Dorado, AR","41,639","41,639","41,569","41,369","40,867"
21020,,"Elizabeth City, NC","64,094","64,094","64,178","63,866","64,244"
21120,,"Elk City, OK","22,119","22,119","22,032","22,297","23,081"
21180,,"Elkins, WV","29,405","29,405","29,380","29,426","29,384"
21220,,"Elko, NV","50,805","50,805","50,921","51,430","53,217"
21260,,"Ellensburg, WA","40,915","40,915","41,028","41,591","41,672"
21380,,"Emporia, KS","33,690","33,690","33,640","33,760","33,748"
21420,,"Enid, OK","60,580","60,580","60,764","60,575","61,189"
21460,,"Enterprise, AL","49,948","49,948","50,135","50,485","51,252"
21540,,"Escanaba, MI","37,069","37,069","37,068","36,955","36,884"
21580,,"Española, NM","40,246","40,247","40,305","40,353","40,318"
21700,,"Eureka-Arcata-Fortuna, CA","134,623","134,623","135,039","135,318","134,827"
21740,,"Evanston, WY","21,118","21,118","21,101","20,919","21,025"
21840,,"Fairfield, IA","16,843","16,843","16,804","16,893","16,867"
21900,,"Fairmont, WV","56,418","56,418","56,499","56,555","56,678"
21980,,"Fallon, NV","24,877","24,877","24,794","24,611","24,375"
22060,,"Faribault-Northfield, MN","64,142","64,142","64,237","64,844","64,854"
22100,,"Farmington, MO","65,359","65,364","65,563","65,607","65,917"
22260,,"Fergus Falls, MN","57,303","57,303","57,276","57,319","57,288"
22280,,"Fernley, NV","51,980","51,980","52,104","51,579","51,327"
22300,,"Findlay, OH","74,782","74,782","74,687","75,111","75,671"
22340,,"Fitzgerald, GA","17,634","17,634","17,659","17,605","17,538"
22580,,"Forest City, NC","67,810","67,809","67,775","67,425","67,323"
22620,,"Forrest City, AR","28,258","28,258","28,178","27,961","27,858"
22700,,"Fort Dodge, IA","38,013","38,013","37,876","37,738","37,273"
22780,,"Fort Leonard Wood, MO","52,274","52,277","52,827","53,082","53,259"
22800,,"Fort Madison-Keokuk, IA-IL-MO","62,105","62,105","62,053","61,671","61,477"
22820,,"Fort Morgan, CO","28,159","28,159","28,165","28,562","28,472"
22860,,"Fort Polk South, LA","52,334","52,334","52,754","52,178","53,869"
23140,,"Frankfort, IN","33,224","33,224","33,186","33,056","33,022"
23180,,"Frankfort, KY","70,706","70,706","70,741","70,963","71,532"
23240,,"Fredericksburg, TX","24,837","24,837","24,878","25,038","25,153"
23300,,"Freeport, IL","47,711","47,711","47,687","47,418","46,959"
23340,,"Fremont, NE","36,691","36,691","36,663","36,706","36,427"
23380,,"Fremont, OH","60,944","60,944","60,873","60,606","60,510"
23500,,"Gaffney, SC","55,342","55,342","55,424","55,539","55,662"
23620,,"Gainesville, TX","38,437","38,437","38,445","38,367","38,688"
23660,,"Galesburg, IL","52,919","52,919","52,914","52,675","52,247"
23700,,"Gallup, NM","71,492","71,492","71,784","73,622","73,016"
23780,,"Garden City, KS","40,753","40,753","40,946","41,079","41,168"
23820,,"Gardnerville Ranchos, NV","46,997","46,997","47,032","47,015","46,996"
23860,,"Georgetown, SC","60,158","60,158","60,125","60,120","60,189"
23940,,"Gillette, WY","46,133","46,133","46,241","46,590","47,874"
23980,,"Glasgow, KY","52,272","52,272","52,257","52,455","52,600"
24060,,"Glenwood Springs, CO","73,537","73,537","73,274","73,161","74,216"
24100,,"Gloversville, NY","55,531","55,531","55,474","55,248","54,925"
24380,,"Grants, NM","27,213","27,213","27,278","27,499","27,334"
24460,,"Great Bend, KS","27,674","27,674","27,691","27,690","27,557"
24620,,"Greeneville, TN","68,831","68,831","68,806","69,079","68,819"
24640,,"Greenfield Town, MA","71,372","71,372","71,298","71,646","71,540"
24700,,"Greensburg, IN","25,740","25,740","25,774","25,851","26,042"
24740,,"Greenville, MS","51,137","51,135","51,046","50,451","49,750"
24820,,"Greenville, OH","52,959","52,959","52,973","52,664","52,507"
24900,,"Greenwood, MS","42,914","42,914","42,885","42,356","41,371"
24940,,"Greenwood, SC","95,078","95,082","95,049","94,910","94,857"
24980,,"Grenada, MS","21,906","21,906","21,869","21,651","21,682"
25100,,"Guymon, OK","20,640","20,640","20,795","21,138","21,498"
25200,,"Hailey, ID","27,701","27,701","27,614","27,363","27,500"
25300,,"Hannibal, MO","38,948","38,948","38,959","39,032","39,022"
25460,,"Harrison, AR","45,233","45,233","45,266","45,359","45,413"
25580,,"Hastings, NE","31,364","31,364","31,352","31,242","31,459"
25700,,"Hays, KS","28,452","28,452","28,449","28,761","29,053"
25720,,"Heber, UT","23,530","23,530","23,683","24,342","25,273"
25740,,"Helena, MT","74,801","74,801","75,029","75,669","76,277"
25760,,"Helena-West Helena, AR","21,757","21,757","21,674","21,383","20,784"
25780,,"Henderson, NC","45,422","45,419","45,358","45,223","45,132"
25820,,"Hereford, TX","19,372","19,372","19,431","19,446","19,360"
25840,,"Hermiston-Pendleton, OR","87,062","87,062","87,256","87,849","88,064"
25880,,"Hillsdale, MI","46,688","46,688","46,603","46,565","46,229"
25900,,"Hilo, HI","185,079","185,079","185,438","187,229","189,191"
26020,,"Hobbs, NM","64,727","64,727","64,657","65,136","66,338"
26090,,"Holland, MI","111,408","111,408","111,472","111,591","112,039"
26220,,"Hood River, OR","22,346","22,346","22,435","22,414","22,584"
26340,,"Houghton, MI","38,784","38,784","38,836","38,943","38,735"
26460,,"Hudson, NY","63,096","63,096","63,025","62,603","62,499"
26500,,"Huntingdon, PA","45,913","45,915","45,903","46,058","45,943"
26540,,"Huntington, IN","37,124","37,124","37,099","37,184","36,987"
26660,,"Huntsville, TX","82,446","82,446","82,759","82,765","82,717"
26700,,"Huron, SD","17,398","17,398","17,414","17,596","17,753"
26740,,"Hutchinson, KS","64,511","64,511","64,584","64,540","64,438"
26780,,"Hutchinson, MN","36,651","36,651","36,610","36,395","36,053"
26860,,"Indiana, PA","88,880","88,886","88,818","88,560","88,218"
26940,,"Indianola, MS","29,450","29,450","28,992","28,539","28,431"
26960,,"Ionia, MI","63,905","63,905","63,883","63,898","63,941"
27020,,"Iron Mountain, MI-WI","30,591","30,591","30,537","30,596","30,702"
27160,,"Jackson, OH","33,225","33,225","33,269","33,166","32,954"
27220,,"Jackson, WY-ID","31,464","31,464","31,450","31,601","31,727"
27300,,"Jacksonville, IL","40,902","40,902","40,867","40,792","40,562"
27380,,"Jacksonville, TX","50,845","50,845","50,860","50,961","51,206"
27420,,"Jamestown, ND","21,100","21,100","21,107","20,961","20,934"
27460,,"Jamestown-Dunkirk-Fredonia, NY","134,905","134,905","134,767","134,264","133,539"
27540,,"Jasper, IN","54,734","54,734","54,714","54,933","54,837"
27600,,"Jefferson, GA","60,485","60,485","60,761","60,536","60,571"
27700,,"Jesup, GA","30,099","30,099","30,101","30,322","30,305"
27920,,"Junction City, KS","34,362","34,362","35,315","35,409","38,013"
27940,,"Juneau, AK","31,275","31,275","31,418","32,240","32,556"
28060,,"Kalispell, MT","90,928","90,928","90,898","91,132","91,633"
28180,,"Kapaa, HI","67,091","67,091","67,229","67,781","68,434"
28260,,"Kearney, NE","52,591","52,591","52,645","53,282","53,948"
28300,,"Keene, NH","77,117","77,117","77,052","76,855","76,851"
28340,,"Kendallville, IN","47,536","47,536","47,496","47,523","47,582"
28380,,"Kennett, MO","31,953","31,953","31,919","31,970","31,826"
28500,,"Kerrville, TX","49,625","49,625","49,655","49,625","49,786"
28540,,"Ketchikan, AK","13,477","13,477","13,542","13,685","13,779"
28580,,"Key West, FL","73,090","73,090","73,201","74,010","74,809"
28620,,"Kill Devil Hills, NC","38,327","38,327","38,421","38,654","38,911"
28780,,"Kingsville, TX","32,477","32,477","32,497","32,527","32,456"
28820,,"Kinston, NC","59,495","59,495","59,403","59,410","59,227"
28860,,"Kirksville, MO","30,038","30,038","30,034","29,937","29,951"
28900,,"Klamath Falls, OR","66,380","66,380","66,349","66,296","65,912"
29060,,"Laconia, NH","60,088","60,088","60,102","60,189","60,327"
29260,,"La Grande, OR","25,748","25,748","25,761","25,775","25,759"
29300,,"LaGrange, GA","67,044","67,044","67,186","67,795","68,468"
29380,,"Lake City, FL","67,531","67,532","67,650","67,383","67,966"
29500,,"Lamesa, TX","13,833","13,833","13,837","13,783","13,640"
29660,,"Laramie, WY","36,299","36,299","36,422","36,848","37,276"
29780,,"Las Vegas, NM","29,393","29,393","29,364","29,301","28,891"
29860,,"Laurel, MS","84,823","84,823","84,872","84,812","85,164"
29900,,"Laurinburg, NC","36,157","36,157","36,104","36,356","36,094"
29980,,"Lawrenceburg, TN","41,869","41,869","42,012","42,039","42,086"
30060,,"Lebanon, MO","35,571","35,571","35,648","35,596","35,417"
30220,,"Levelland, TX","22,935","22,935","22,844","22,979","23,072"
30260,,"Lewisburg, PA","44,947","44,949","44,942","44,976","44,952"
30280,,"Lewisburg, TN","30,617","30,617","30,659","30,872","30,883"
30380,,"Lewistown, PA","46,682","46,683","46,660","46,775","46,773"
30420,,"Lexington, NE","26,370","26,370","26,402","26,340","26,249"
30580,,"Liberal, KS","22,952","22,952","22,991","23,276","23,547"
30660,,"Lincoln, IL","30,305","30,305","30,270","30,250","30,013"
30820,,"Lock Haven, PA","39,238","39,241","39,245","39,513","39,517"
30880,,"Logan, WV","36,743","36,745","36,730","36,449","36,168"
30900,,"Logansport, IN","38,966","38,966","38,948","38,810","38,581"
30940,,"London, KY","126,369","126,369","126,505","126,927","126,696"
31060,,"Los Alamos, NM","17,950","17,950","18,018","18,196","18,159"
31220,,"Ludington, MI","28,705","28,705","28,715","28,642","28,680"
31260,,"Lufkin, TX","86,771","86,771","86,888","87,276","87,597"
31300,,"Lumberton, NC","134,168","134,168","134,410","134,976","135,496"
31380,,"Macomb, IL","32,612","32,612","32,583","32,496","32,537"
31500,,"Madison, IN","32,428","32,428","32,455","32,353","32,554"
31580,,"Madisonville, KY","46,920","46,920","46,881","46,885","46,718"
31620,,"Magnolia, AR","24,552","24,552","24,760","24,697","24,473"
31660,,"Malone, NY","51,599","51,597","51,555","51,528","51,795"
31680,,"Malvern, AR","32,923","32,923","33,121","33,005","33,394"
31820,,"Manitowoc, WI","81,442","81,442","81,273","81,088","80,671"
31930,,"Marietta, OH","61,778","61,778","61,706","61,567","61,475"
31940,,"Marinette, WI-MI","65,778","65,778","65,689","65,411","65,378"
31980,,"Marion, IN","70,061","70,061","69,978","69,675","69,330"
32000,,"Marion, NC","44,996","44,996","45,051","44,949","44,998"
32020,,"Marion, OH","66,501","66,501","66,459","66,535","66,238"
32100,,"Marquette, MI","67,077","67,077","67,116","67,563","67,906"
32140,,"Marshall, MN","25,857","25,857","25,854","25,759","25,543"
32180,,"Marshall, MO","23,370","23,370","23,389","23,244","23,339"
32220,,"Marshall, TX","65,631","65,632","65,744","67,302","67,450"
32260,,"Marshalltown, IA","40,648","40,648","40,674","40,879","40,857"
32280,,"Martin, TN","35,021","35,021","35,015","34,984","34,793"
32300,,"Martinsville, VA","67,972","67,975","67,823","67,072","66,702"
32340,,"Maryville, MO","23,370","23,370","23,380","23,458","23,419"
32380,,"Mason City, IA","51,749","51,749","51,679","51,567","51,307"
32460,,"Mayfield, KY","37,121","37,121","37,185","37,476","37,544"
32500,,"Maysville, KY","17,490","17,490","17,490","17,556","17,512"
32540,,"McAlester, OK","45,837","45,837","45,818","45,645","45,048"
32620,,"McComb, MS","53,535","53,535","53,507","53,514","53,057"
32660,,"McMinnville, TN","39,839","39,839","39,846","39,909","39,839"
32700,,"McPherson, KS","29,180","29,180","29,140","29,227","29,356"
32740,,"Meadville, PA","88,765","88,765","88,690","88,107","87,598"
32860,,"Menomonie, WI","43,857","43,857","43,897","44,021","44,072"
32940,,"Meridian, MS","107,449","107,449","107,484","107,518","107,111"
32980,,"Merrill, WI","28,743","28,743","28,740","28,492","28,392"
33020,,"Mexico, MO","25,529","25,529","25,468","25,593","25,621"
33060,,"Miami, OK","31,848","31,850","31,856","31,885","32,236"
33180,,"Middlesborough, KY","28,691","28,691","28,701","28,677","28,183"
33300,,"Milledgeville, GA","55,149","55,151","55,034","54,343","55,363"
33420,,"Mineral Wells, TX","28,111","28,111","28,085","28,120","27,856"
33500,,"Minot, ND","69,540","69,540","69,935","72,284","73,146"
33580,,"Mitchell, SD","22,835","22,835","22,848","22,964","23,146"
33620,,"Moberly, MO","25,414","25,414","25,431","25,218","25,330"
33940,,"Montrose, CO","41,276","41,276","41,177","40,877","40,725"
33980,,"Morehead City, NC","66,469","66,469","66,719","67,354","67,632"
34020,,"Morgan City, LA","54,650","54,650","54,591","54,234","53,697"
34140,,"Moscow, ID","37,244","37,244","37,298","37,882","38,184"
34180,,"Moses Lake, WA","89,120","89,120","89,643","90,775","91,723"
34220,,"Moultrie, GA","45,498","45,498","45,674","45,822","46,137"
34260,,"Mountain Home, AR","41,513","41,513","41,547","41,261","41,048"
34300,,"Mountain Home, ID","27,038","27,038","27,078","26,274","26,223"
34340,,"Mount Airy, NC","73,673","73,673","73,682","73,601","73,561"
34380,,"Mount Pleasant, MI","70,311","70,311","70,321","70,636","70,617"
34420,,"Mount Pleasant, TX","32,334","32,334","32,407","32,441","32,663"
34460,,"Mount Sterling, KY","44,396","44,396","44,466","44,824","44,924"
34500,,"Mount Vernon, IL","38,827","38,827","38,786","38,786","38,720"
34540,,"Mount Vernon, OH","60,921","60,930","61,026","61,245","60,705"
34660,,"Murray, KY","37,191","37,191","37,278","37,487","37,655"
34700,,"Muscatine, IA","42,745","42,745","42,726","42,744","42,879"
34780,,"Muskogee, OK","70,990","70,988","71,093","70,757","70,596"
34860,,"Nacogdoches, TX","64,524","64,524","64,618","65,612","66,034"
35020,,"Natchez, MS-LA","53,119","53,119","53,354","53,154","52,487"
35060,,"Natchitoches, LA","39,566","39,566","39,534","39,531","39,436"
35140,,"Newberry, SC","37,508","37,508","37,534","37,444","37,576"
35220,,"New Castle, IN","49,462","49,462","49,451","49,386","49,345"
35260,,"New Castle, PA","91,108","91,108","90,964","90,399","89,871"
35420,,"New Philadelphia-Dover, OH","92,582","92,582","92,565","92,485","92,392"
35440,,"Newport, OR","46,034","46,032","46,022","45,885","46,151"
35460,,"Newport, TN","35,662","35,662","35,631","35,477","35,571"
35500,,"Newton, IA","36,842","36,842","36,819","36,706","36,602"
35580,,"New Ulm, MN","25,893","25,893","25,867","25,686","25,425"
35700,,"Nogales, AZ","47,420","47,420","47,380","47,448","47,303"
35740,,"Norfolk, NE","48,271","48,271","48,298","48,319","48,286"
35820,,"North Platte, NE","37,590","37,590","37,576","37,427","37,373"
35860,,"North Vernon, IN","28,525","28,525","28,478","28,199","28,161"
35900,,"North Wilkesboro, NC","69,340","69,340","69,220","69,225","69,306"
35940,,"Norwalk, OH","59,626","59,626","59,596","59,388","59,280"
36020,,"Oak Harbor, WA","78,506","78,506","78,701","79,033","79,177"
36300,,"Ogdensburg-Massena, NY","111,944","111,944","111,886","112,331","112,232"
36340,,"Oil City, PA","54,984","54,984","54,940","54,709","54,272"
36380,,"Okeechobee, FL","39,996","39,996","40,009","39,551","39,467"
36460,,"Olean, NY","80,317","80,317","80,254","79,866","79,458"
36580,,"Oneonta, NY","62,259","62,253","62,203","61,982","61,709"
36620,,"Ontario, OR-ID","53,936","53,935","53,954","53,271","53,269"
36660,,"Opelousas, LA","83,384","83,384","83,470","83,488","83,662"
36700,,"Orangeburg, SC","92,501","92,494","92,300","91,729","91,476"
36820,,"Oskaloosa, IA","22,381","22,381","22,384","22,484","22,443"
36830,,"Othello, WA","18,728","18,728","18,802","18,882","19,005"
36840,,"Ottawa, KS","25,992","25,996","26,021","25,931","25,906"
36860,,"Ottawa-Peru, IL","154,908","154,908","154,704","154,092","153,182"
36900,,"Ottumwa, IA","44,378","44,378","44,394","44,149","44,055"
36940,,"Owatonna, MN","36,576","36,576","36,514","36,541","36,322"
37020,,"Owosso, MI","70,648","70,648","70,610","69,934","69,232"
37060,,"Oxford, MS","47,351","47,357","47,514","48,430","49,495"
37080,,"Oxford, NC","59,916","59,919","60,015","60,114","60,436"
37120,,"Ozark, AL","50,251","50,251","50,333","50,141","50,444"
37140,,"Paducah, KY-IL","98,762","98,762","98,738","98,912","98,539"
37220,,"Pahrump, NV","43,946","43,946","43,882","43,347","42,963"
37260,,"Palatka, FL","74,364","74,364","74,279","74,031","73,263"
37300,,"Palestine, TX","58,458","58,458","58,428","58,356","58,190"
37420,,"Pampa, TX","22,535","22,535","22,453","22,733","22,978"
37500,,"Paragould, AR","42,090","42,090","42,195","42,752","43,163"
37540,,"Paris, TN","32,330","32,330","32,348","32,328","32,341"
37580,,"Paris, TX","49,793","49,789","49,833","49,987","49,811"
37660,,"Parsons, KS","21,607","21,607","21,560","21,482","21,284"
37740,,"Payson, AZ","53,597","53,597","53,544","53,495","53,144"
37780,,"Pecos, TX","13,783","13,783","13,787","13,684","13,798"
37940,,"Peru, IN","36,903","36,903","36,781","36,575","36,486"
38100,,"Picayune, MS","55,834","55,834","55,818","55,696","55,295"
38180,,"Pierre, SD","21,361","21,361","21,404","21,619","21,846"
38240,,"Pinehurst-Southern Pines, NC","88,247","88,247","88,544","89,359","90,302"
38260,,"Pittsburg, KS","39,134","39,134","39,170","39,172","39,361"
38380,,"Plainview, TX","36,273","36,273","36,356","36,437","36,385"
38420,,"Platteville, WI","51,208","51,208","51,171","51,265","51,087"
38460,,"Plattsburgh, NY","82,128","82,128","82,118","81,815","81,654"
38500,,"Plymouth, IN","47,051","47,051","47,017","47,044","47,024"
38580,,"Point Pleasant, WV-OH","58,258","58,258","58,282","58,169","57,887"
38620,,"Ponca City, OK","46,562","46,562","46,433","45,952","45,831"
38700,,"Pontiac, IL","38,950","38,950","38,863","38,878","38,647"
38740,,"Poplar Bluff, MO","42,794","42,794","42,820","43,055","43,053"
38780,,"Portales, NM","19,846","19,846","20,013","20,501","20,419"
38820,,"Port Angeles, WA","71,404","71,404","71,533","71,814","71,863"
38840,,"Port Clinton, OH","41,428","41,428","41,397","41,435","41,339"
38920,,"Port Lavaca, TX","21,381","21,381","21,335","21,370","21,609"
39020,,"Portsmouth, OH","79,499","79,499","79,534","79,226","78,477"
39060,,"Pottsville, PA","148,289","148,289","148,199","147,592","147,063"
39220,,"Price, UT","21,403","21,403","21,429","21,351","21,246"
39260,,"Prineville, OR","20,978","20,978","20,896","20,662","20,729"
39420,,"Pullman, WA","44,776","44,776","44,807","45,064","46,606"
39500,,"Quincy, IL-MO","77,314","77,314","77,334","77,417","77,371"
39700,,"Raymondville, TX","22,134","22,134","22,173","22,057","22,058"
39780,,"Red Bluff, CA","63,463","63,463","63,666","63,391","63,406"
39860,,"Red Wing, MN","46,183","46,183","46,189","46,243","46,336"
39940,,"Rexburg, ID","50,778","50,778","50,830","50,954","50,413"
39980,,"Richmond, IN","68,917","68,917","68,869","68,693","68,346"
40080,,"Richmond-Berea, KY","99,972","99,972","100,199","101,219","101,792"
40100,,"Rio Grande City, TX","60,968","60,968","61,149","61,498","61,615"
40180,,"Riverton, WY","40,123","40,123","40,238","40,575","41,110"
40260,,"Roanoke Rapids, NC","76,790","76,789","76,553","76,313","75,434"
40300,,"Rochelle, IL","53,497","53,497","53,456","53,163","52,848"
40460,,"Rockingham, NC","46,639","46,639","46,656","46,683","46,627"
40540,,"Rock Springs, WY","43,806","43,806","43,614","44,078","45,267"
40620,,"Rolla, MO","45,156","45,156","45,291","45,107","44,987"
40700,,"Roseburg, OR","107,667","107,667","107,696","107,400","107,164"
40740,,"Roswell, NM","65,645","65,645","65,770","65,673","65,784"
40780,,"Russellville, AR","83,939","83,939","84,279","84,545","84,697"
40820,,"Ruston, LA","46,735","46,735","46,803","46,965","46,953"
40860,,"Rutland, VT","61,642","61,642","61,560","61,250","60,869"
40940,,"Safford, AZ","37,220","37,220","36,847","37,150","37,416"
41220,,"St. Marys, GA","50,513","50,513","50,698","50,339","51,402"
41400,,"Salem, OH","107,841","107,841","107,820","107,244","106,507"
41460,,"Salina, KS","61,697","61,697","61,828","61,843","62,060"
41760,,"Sandpoint, ID","40,877","40,877","40,940","40,837","40,476"
41780,,"Sandusky, OH","77,079","77,079","77,042","76,661","76,398"
41820,,"Sanford, NC","57,866","57,866","57,877","58,605","59,715"
42300,,"Sault Ste. Marie, MI","38,520","38,520","38,482","38,776","38,917"
42380,,"Sayre, PA","62,622","62,622","62,609","63,001","62,792"
42420,,"Scottsbluff, NE","38,971","38,971","39,077","38,994","39,039"
42460,,"Scottsboro, AL","53,227","53,226","53,158","53,230","53,019"
42620,,"Searcy, AR","77,076","77,076","77,319","78,089","78,493"
42740,,"Sedalia, MO","42,201","42,201","42,280","42,148","42,319"
42780,,"Selinsgrove, PA","39,702","39,702","39,741","39,658","39,672"
42820,,"Selma, AL","43,820","43,820","43,782","43,189","42,864"
42860,,"Seneca, SC","74,273","74,275","74,371","74,276","74,627"
42900,,"Seneca Falls, NY","35,251","35,248","35,219","35,349","35,305"
42940,,"Sevierville, TN","89,889","89,887","90,146","91,355","92,512"
42980,,"Seymour, IN","42,376","42,376","42,555","42,930","43,083"
43020,,"Shawano, WI","46,181","46,181","46,196","46,129","45,947"
43060,,"Shawnee, OK","69,442","69,442","69,649","70,217","70,760"
43140,,"Shelby, NC","98,078","98,078","98,030","97,581","97,474"
43180,,"Shelbyville, TN","45,058","45,058","45,129","45,360","45,573"
43220,,"Shelton, WA","60,699","60,699","60,787","60,988","60,832"
43260,,"Sheridan, WY","29,116","29,116","29,147","29,260","29,596"
43320,,"Show Low, AZ","107,449","107,449","107,608","107,174","107,094"
43380,,"Sidney, OH","49,423","49,423","49,345","49,291","49,167"
43460,,"Sikeston, MO","39,191","39,187","39,228","39,115","39,139"
43500,,"Silver City, NM","29,514","29,514","29,407","29,430","29,388"
43660,,"Snyder, TX","16,921","16,921","16,957","16,907","17,126"
43700,,"Somerset, KY","63,063","63,063","63,192","63,461","63,593"
43740,,"Somerset, PA","77,742","77,748","77,706","77,382","76,957"
43760,,"Sonora, CA","55,365","55,365","55,162","54,692","54,008"
43940,,"Spearfish, SD","24,097","24,097","24,173","24,306","24,397"
43980,,"Spencer, IA","16,667","16,667","16,632","16,611","16,599"
44020,,"Spirit Lake, IA","16,667","16,667","16,665","16,899","16,972"
44260,,"Starkville, MS","47,671","47,671","47,653","47,713","48,192"
44340,,"Statesboro, GA","70,217","70,217","70,635","72,783","72,694"
44460,,"Steamboat Springs, CO","23,509","23,509","23,476","23,293","23,334"
44500,,"Stephenville, TX","37,890","37,890","37,907","39,000","39,321"
44540,,"Sterling, CO","22,709","22,709","22,773","22,720","22,631"
44580,,"Sterling, IL","58,498","58,498","58,465","58,240","57,846"
44620,,"Stevens Point, WI","70,019","70,019","69,992","70,194","70,433"
44660,,"Stillwater, OK","77,350","77,350","77,446","77,919","78,399"
44740,,"Storm Lake, IA","20,260","20,260","20,331","20,294","20,592"
44780,,"Sturgis, MI","61,295","61,295","61,259","61,016","60,796"
44860,,"Sulphur Springs, TX","35,161","35,161","35,221","35,358","35,469"
44900,,"Summerville, GA","26,015","26,015","26,004","25,757","25,725"
44920,,"Summit Park, UT","36,324","36,324","36,494","37,425","38,003"
44980,,"Sunbury, PA","94,528","94,517","94,367","94,487","94,428"
45000,,"Susanville, CA","34,895","34,895","34,820","34,280","33,658"
45020,,"Sweetwater, TX","15,216","15,217","15,232","15,145","14,924"
45140,,"Tahlequah, OK","46,987","46,986","47,164","47,804","48,150"
45180,,"Talladega-Sylacauga, AL","93,830","93,835","93,572","92,883","92,728"
45340,,"Taos, NM","32,937","32,937","32,909","32,927","32,779"
45380,,"Taylorville, IL","34,800","34,800","34,795","34,810","34,638"
45520,,"The Dalles, OR","25,213","25,213","25,254","25,228","25,487"
45580,,"Thomaston, GA","27,153","27,153","27,047","26,947","26,630"
45620,,"Thomasville, GA","44,720","44,719","44,810","44,724","44,724"
45660,,"Tiffin, OH","56,745","56,745","56,632","56,403","56,018"
45700,,"Tifton, GA","40,118","40,122","40,210","41,320","41,064"
45740,,"Toccoa, GA","26,175","26,175","26,191","25,858","25,891"
45860,,"Torrington, CT","189,927","189,927","189,741","188,923","187,530"
45900,,"Traverse City, MI","143,372","143,372","143,361","144,585","145,283"
45980,,"Troy, AL","32,899","32,899","32,964","32,893","33,182"
46020,,"Truckee-Grass Valley, CA","98,764","98,764","98,787","98,737","98,292"
46100,,"Tullahoma-Manchester, TN","100,210","100,210","100,144","100,251","100,333"
46180,,"Tupelo, MS","136,268","136,268","136,397","137,498","138,976"
46300,,"Twin Falls, ID","99,604","99,604","99,977","100,570","101,094"
46380,,"Ukiah, CA","87,841","87,841","87,776","87,489","87,428"
46460,,"Union City, TN-KY","38,620","38,620","38,621","38,410","37,865"
46500,,"Urbana, OH","40,097","40,097","40,003","39,813","39,565"
46620,,"Uvalde, TX","26,405","26,405","26,449","26,540","26,752"
46740,,"Valley, AL","34,215","34,215","34,125","34,005","34,064"
46780,,"Van Wert, OH","28,744","28,744","28,671","28,702","28,744"
46820,,"Vermillion, SD","13,864","13,864","13,850","14,044","14,131"
46860,,"Vernal, UT","32,588","32,586","32,413","33,170","34,524"
46900,,"Vernon, TX","13,535","13,535","13,496","13,422","13,258"
46980,,"Vicksburg, MS","58,377","58,371","58,332","57,966","57,433"
47080,,"Vidalia, GA","36,346","36,346","36,404","36,328","36,228"
47180,,"Vincennes, IN","38,440","38,440","38,393","38,450","38,122"
47240,,"Vineyard Haven, MA","16,535","16,535","16,574","16,787","17,041"
47340,,"Wabash, IN","32,888","32,888","32,829","32,554","32,361"
47420,,"Wahpeton, ND-MN","22,897","22,897","22,902","22,839","22,802"
47540,,"Wapakoneta, OH","45,949","45,949","45,921","45,757","45,831"
47620,,"Warren, PA","41,815","41,815","41,756","41,480","41,146"
47660,,"Warrensburg, MO","52,595","52,595","52,701","53,482","54,397"
47700,,"Warsaw, IN","77,358","77,356","77,323","77,356","77,609"
47780,,"Washington, IN","31,648","31,654","31,726","31,896","32,064"
47820,,"Washington, NC","47,759","47,770","47,766","47,655","47,507"
47920,,"Washington Court House, OH","29,030","29,030","29,030","28,921","28,880"
47980,,"Watertown, SD","27,227","27,227","27,223","27,413","27,606"
48020,,"Watertown-Fort Atkinson, WI","83,686","83,686","83,678","83,961","84,498"
48100,,"Wauchula, FL","27,731","27,731","27,266","26,693","27,514"
48180,,"Waycross, GA","55,070","55,064","55,243","54,921","54,665"
48220,,"Weatherford, OK","27,469","27,469","27,514","27,764","28,536"
48460,,"West Plains, MO","40,400","40,400","40,584","40,610","40,629"
48580,,"Whitewater-Elkhorn, WI","102,228","102,228","102,167","102,538","102,851"
48780,,"Williston, ND","22,398","22,398","22,575","24,416","26,697"
48820,,"Willmar, MN","42,239","42,239","42,252","42,222","42,379"
48940,,"Wilmington, OH","42,040","42,040","41,890","41,955","41,886"
48980,,"Wilson, NC","81,234","81,234","81,300","81,479","81,867"
49080,,"Winnemucca, NV","16,528","16,529","16,604","16,653","17,048"
49100,,"Winona, MN","51,461","51,461","51,390","51,506","51,629"
49220,,"Wisconsin Rapids-Marshfield, WI","74,749","74,749","74,768","74,619","74,424"
49260,,"Woodward, OK","20,081","20,081","19,971","20,055","20,548"
49300,,"Wooster, OH","114,520","114,515","114,480","114,694","114,848"
49380,,"Worthington, MN","21,378","21,378","21,367","21,446","21,487"
49460,,"Yankton, SD","22,438","22,438","22,457","22,510","22,603"
49780,,"Zanesville, OH","86,074","86,074","86,200","86,176","85,950"
49820,,"Zapata, TX","14,018","14,018","14,069","14,193","14,290"
"Note: The estimates are based on the 2010 Census and reflect changes to the April 1, 2010 population due to the Count Question Resolution program and geographic program revisions.  The Office of Management and Budget's statistical area delineations for metropolitan and micropolitan statistical areas, as well as metropolitan divisions, are those issued by that agency in February 2013 <http://www.whitehouse.gov/omb/inforeg_statpolicy#ms>.",,,,,,,
The metropolitan and micropolitan statistical area population estimates are based upon the county estimates.  The county estimates methodology is available at: <http://www.census.gov/popest/methodology/2012-nat-st-co-meth.pdf>.,,,,,,,
Suggested Citation:,,,,,,,
"Table 1.  Annual Estimates of the Population of Metropolitan and Micropolitan Statistical Areas: April 1, 2010 to July 1, 2012 (CBSA-EST2012-01)",,,,,,,
"Source: U.S. Census Bureau, Population Division",,,,,,,
Release Date: March 2013,,,,,,,
